Iteration,Accuracy,Classification Report
1,0.8852040816326531,"{'17': {'precision': 0.5, 'recall': 0.6363636363636364, 'f1-score': 0.56, 'support': 11.0}, '23': {'precision': 0.7, 'recall': 0.56, 'f1-score': 0.6222222222222222, 'support': 50.0}, '50': {'precision': 0.9230769230769231, 'recall': 0.9425981873111783, 'f1-score': 0.9327354260089687, 'support': 331.0}, 'accuracy': 0.8852040816326531, 'macro avg': {'precision': 0.7076923076923077, 'recall': 0.7129872745582716, 'f1-score': 0.7049858827437303, 'support': 392.0}, 'weighted avg': {'precision': 0.8827511773940345, 'recall': 0.8852040816326531, 'f1-score': 0.8826697375512239, 'support': 392.0}}"
