Iteration,Accuracy,Classification Report
1,0.7045454545454546,"{'17': {'precision': 0.8268156424581006, 'recall': 0.6192468619246861, 'f1-score': 0.7081339712918661, 'support': 239.0}, '50': {'precision': 0.7423133235724744, 'recall': 0.856418918918919, 'f1-score': 0.7952941176470589, 'support': 592.0}, '51': {'precision': 0.5354609929078015, 'recall': 0.48242811501597443, 'f1-score': 0.507563025210084, 'support': 313.0}, 'accuracy': 0.7045454545454546, 'macro avg': {'precision': 0.7015299863127922, 'recall': 0.6526979652865265, 'f1-score': 0.670330371383003, 'support': 1144.0}, 'weighted avg': {'precision': 0.703372130142074, 'recall': 0.7045454545454546, 'f1-score': 0.6983613318851146, 'support': 1144.0}}"
