Iteration,Accuracy,Classification Report
1,0.5030741410488246,"{'1': {'precision': 0.45699831365935917, 'recall': 0.4804964539007092, 'f1-score': 0.46845289541918755, 'support': 564.0}, '2': {'precision': 0.5475024485798237, 'recall': 0.6515151515151515, 'f1-score': 0.5949973390101119, 'support': 858.0}, '3': {'precision': 0.38240574506283664, 'recall': 0.3837837837837838, 'f1-score': 0.38309352517985606, 'support': 555.0}, '4': {'precision': 0.7323943661971831, 'recall': 0.7027027027027027, 'f1-score': 0.7172413793103449, 'support': 296.0}, '5': {'precision': 0.45161290322580644, 'recall': 0.2845528455284553, 'f1-score': 0.3491271820448878, 'support': 492.0}, 'accuracy': 0.5030741410488246, 'macro avg': {'precision': 0.5141827553450018, 'recall': 0.5006101874861606, 'f1-score': 0.5025824641928777, 'support': 2765.0}, 'weighted avg': {'precision': 0.49863349695360026, 'recall': 0.5030741410488246, 'f1-score': 0.4959877317193001, 'support': 2765.0}}"
