Iteration,Accuracy,Classification Report
1,0.6264323911382735,"{'17': {'precision': 0.5159574468085106, 'recall': 0.40756302521008403, 'f1-score': 0.45539906103286387, 'support': 238.0}, '50': {'precision': 0.7034883720930233, 'recall': 0.856637168141593, 'f1-score': 0.7725458898643256, 'support': 565.0}, '51': {'precision': 0.5924528301886792, 'recall': 0.4498567335243553, 'f1-score': 0.511400651465798, 'support': 349.0}, '59': {'precision': 0.4880952380952381, 'recall': 0.5222929936305732, 'f1-score': 0.5046153846153847, 'support': 157.0}, 'accuracy': 0.6264323911382735, 'macro avg': {'precision': 0.5749984717963629, 'recall': 0.5590874801266514, 'f1-score': 0.5609902467445931, 'support': 1309.0}, 'weighted avg': {'precision': 0.6139540051106074, 'recall': 0.6264323911382735, 'f1-score': 0.6131221138619897, 'support': 1309.0}}"
