Iteration,Accuracy,Classification Report
1,0.8520408163265306,"{'17': {'precision': 0.375, 'recall': 0.5454545454545454, 'f1-score': 0.4444444444444444, 'support': 11.0}, '23': {'precision': 0.5897435897435898, 'recall': 0.46, 'f1-score': 0.5168539325842696, 'support': 50.0}, '50': {'precision': 0.9050445103857567, 'recall': 0.9214501510574018, 'f1-score': 0.9131736526946108, 'support': 331.0}, 'accuracy': 0.8520408163265306, 'macro avg': {'precision': 0.6232627000431155, 'recall': 0.6423015655039824, 'f1-score': 0.624824009907775, 'support': 392.0}, 'weighted avg': {'precision': 0.8499538582266964, 'recall': 0.8520408163265306, 'f1-score': 0.8494695524490269, 'support': 392.0}}"
