Iteration,Accuracy,Classification Report
1,0.49933155080213903,"{'1': {'precision': 0.3712871287128713, 'recall': 0.3440366972477064, 'f1-score': 0.3571428571428572, 'support': 218.0}, '2': {'precision': 0.2080536912751678, 'recall': 0.21232876712328766, 'f1-score': 0.21016949152542375, 'support': 146.0}, '3': {'precision': 0.5453237410071943, 'recall': 0.6423728813559322, 'f1-score': 0.5898832684824903, 'support': 590.0}, '4': {'precision': 0.7421875, 'recall': 0.7392996108949417, 'f1-score': 0.7407407407407407, 'support': 257.0}, '5': {'precision': 0.3711340206185567, 'recall': 0.25263157894736843, 'f1-score': 0.3006263048016702, 'support': 285.0}, 'accuracy': 0.49933155080213903, 'macro avg': {'precision': 0.44759721632275806, 'recall': 0.43813390711384725, 'f1-score': 0.4397125325386364, 'support': 1496.0}, 'weighted avg': {'precision': 0.48768236868724185, 'recall': 0.49933155080213903, 'f1-score': 0.48972051087123686, 'support': 1496.0}}"
