Iteration,Accuracy,Classification Report
1,0.5175406871609404,"{'1': {'precision': 0.4665492957746479, 'recall': 0.4698581560283688, 'f1-score': 0.46819787985865724, 'support': 564.0}, '2': {'precision': 0.5629202689721422, 'recall': 0.682983682983683, 'f1-score': 0.6171669299631386, 'support': 858.0}, '3': {'precision': 0.38448275862068965, 'recall': 0.4018018018018018, 'f1-score': 0.39295154185022024, 'support': 555.0}, '4': {'precision': 0.7712177121771218, 'recall': 0.706081081081081, 'f1-score': 0.7372134038800704, 'support': 296.0}, '5': {'precision': 0.4852459016393443, 'recall': 0.3008130081300813, 'f1-score': 0.3713927227101631, 'support': 492.0}, 'accuracy': 0.5175406871609404, 'macro avg': {'precision': 0.5340831874367892, 'recall': 0.5123075460050032, 'f1-score': 0.5173844956524499, 'support': 2765.0}, 'weighted avg': {'precision': 0.5159235989296447, 'recall': 0.5175406871609404, 'f1-score': 0.5108937877025059, 'support': 2765.0}}"
