Iteration,Accuracy,Classification Report
1,0.7371303395399781,"{'50': {'precision': 0.7473200612557427, 'recall': 0.866785079928952, 'f1-score': 0.8026315789473684, 'support': 563.0}, '51': {'precision': 0.7115384615384616, 'recall': 0.5285714285714286, 'f1-score': 0.6065573770491803, 'support': 350.0}, 'accuracy': 0.7371303395399781, 'macro avg': {'precision': 0.7294292613971021, 'recall': 0.6976782542501903, 'f1-score': 0.7045944779982743, 'support': 913.0}, 'weighted avg': {'precision': 0.7336031281768287, 'recall': 0.7371303395399781, 'f1-score': 0.7274662222503631, 'support': 913.0}}"
