Iteration,Accuracy,Classification Report
1,0.5873417721518988,"{'3': {'precision': 0.542292490118577, 'recall': 0.613047363717605, 'f1-score': 0.575503355704698, 'support': 1119.0}, '4': {'precision': 0.6652754590984975, 'recall': 0.6906412478336221, 'f1-score': 0.6777210884353742, 'support': 1154.0}, '5': {'precision': 0.46688741721854304, 'recall': 0.2865853658536585, 'f1-score': 0.3551637279596977, 'support': 492.0}, 'accuracy': 0.5873417721518988, 'macro avg': {'precision': 0.5581517888118726, 'recall': 0.5300913258016285, 'f1-score': 0.5361293906999233, 'support': 2765.0}, 'weighted avg': {'precision': 0.5802031774010404, 'recall': 0.5873417721518988, 'f1-score': 0.5789580272130742, 'support': 2765.0}}"
