Iteration,Accuracy,Classification Report
1,0.8520408163265306,"{'17': {'precision': 1.0, 'recall': 0.2727272727272727, 'f1-score': 0.42857142857142855, 'support': 11.0}, '23': {'precision': 0.0, 'recall': 0.0, 'f1-score': 0.0, 'support': 50.0}, '50': {'precision': 0.8508997429305912, 'recall': 1.0, 'f1-score': 0.9194444444444444, 'support': 331.0}, 'accuracy': 0.8520408163265306, 'macro avg': {'precision': 0.6169665809768637, 'recall': 0.42424242424242425, 'f1-score': 0.4493386243386243, 'support': 392.0}, 'weighted avg': {'precision': 0.7465505482398616, 'recall': 0.8520408163265306, 'f1-score': 0.788393869452543, 'support': 392.0}}"
