Iteration,Accuracy,Classification Report
1,0.769620253164557,"{'23': {'precision': 0.9178082191780822, 'recall': 0.9178082191780822, 'f1-score': 0.9178082191780822, 'support': 146.0}, '50': {'precision': 0.6220472440944882, 'recall': 0.6694915254237288, 'f1-score': 0.6448979591836734, 'support': 118.0}, '51': {'precision': 0.7459016393442623, 'recall': 0.6946564885496184, 'f1-score': 0.7193675889328064, 'support': 131.0}, 'accuracy': 0.769620253164557, 'macro avg': {'precision': 0.7619190342056109, 'recall': 0.7606520777171432, 'f1-score': 0.7606912557648539, 'support': 395.0}, 'weighted avg': {'precision': 0.7724422520436658, 'recall': 0.769620253164557, 'f1-score': 0.7704686413515724, 'support': 395.0}}"
