Iteration,T-Statistic,P-Value
1,1.6308584093286849,0.10979611946218869
2,3.406444122137139,0.0022158469907058117
3,4.704425609417014,5.954265444696154e-05
4,1.4188381530257068,0.16397796411122018
5,3.2632463945036223,0.0029631338130204033
