Iteration,Accuracy,Classification Report
1,0.8900804289544236,"{'23': {'precision': 0.5434782608695652, 'recall': 0.5555555555555556, 'f1-score': 0.5494505494505495, 'support': 45.0}, '50': {'precision': 0.9388379204892966, 'recall': 0.9359756097560976, 'f1-score': 0.9374045801526718, 'support': 328.0}, 'accuracy': 0.8900804289544236, 'macro avg': {'precision': 0.7411580906794308, 'recall': 0.7457655826558266, 'f1-score': 0.7434275648016107, 'support': 373.0}, 'weighted avg': {'precision': 0.891140374422573, 'recall': 0.8900804289544236, 'f1-score': 0.8906004745719869, 'support': 373.0}}"
