Iteration,Accuracy,Classification Report
1,0.5160839160839161,"{'1': {'precision': 0.3486238532110092, 'recall': 0.3584905660377358, 'f1-score': 0.35348837209302325, 'support': 106.0}, '2': {'precision': 0.3584905660377358, 'recall': 0.34545454545454546, 'f1-score': 0.35185185185185186, 'support': 110.0}, '3': {'precision': 0.5261324041811847, 'recall': 0.6213991769547325, 'f1-score': 0.5698113207547171, 'support': 243.0}, '4': {'precision': 0.7904761904761904, 'recall': 0.7904761904761904, 'f1-score': 0.7904761904761904, 'support': 105.0}, '5': {'precision': 0.5462962962962963, 'recall': 0.39072847682119205, 'f1-score': 0.45559845559845563, 'support': 151.0}, 'accuracy': 0.5160839160839161, 'macro avg': {'precision': 0.5140038620404833, 'recall': 0.5013097911488792, 'f1-score': 0.5042452381548477, 'support': 715.0}, 'weighted avg': {'precision': 0.5171035044213799, 'recall': 0.5160839160839161, 'f1-score': 0.5124936907473109, 'support': 715.0}}"
