Iteration,Accuracy,Classification Report
1,0.7415115005476451,"{'50': {'precision': 0.7534883720930232, 'recall': 0.8632326820603907, 'f1-score': 0.804635761589404, 'support': 563.0}, '51': {'precision': 0.7126865671641791, 'recall': 0.5457142857142857, 'f1-score': 0.6181229773462784, 'support': 350.0}, 'accuracy': 0.7415115005476451, 'macro avg': {'precision': 0.7330874696286012, 'recall': 0.7044734838873382, 'f1-score': 0.7113793694678412, 'support': 913.0}, 'weighted avg': {'precision': 0.737846935373313, 'recall': 0.7415115005476451, 'f1-score': 0.7331357895356319, 'support': 913.0}}"
