Iteration,Accuracy,Classification Report
1,0.8571428571428571,"{'17': {'precision': 0.4117647058823529, 'recall': 0.6363636363636364, 'f1-score': 0.5, 'support': 11.0}, '23': {'precision': 0.6052631578947368, 'recall': 0.46, 'f1-score': 0.5227272727272727, 'support': 50.0}, '50': {'precision': 0.9080118694362018, 'recall': 0.9244712990936556, 'f1-score': 0.9161676646706586, 'support': 331.0}, 'accuracy': 0.8571428571428571, 'macro avg': {'precision': 0.6416799110710972, 'recall': 0.6736116451524307, 'f1-score': 0.646298312465977, 'support': 392.0}, 'weighted avg': {'precision': 0.8554706592929222, 'recall': 0.8571428571428571, 'f1-score': 0.8543057669447744, 'support': 392.0}}"
