Iteration,T-Statistic,P-Value
1,-4.3740692407615,0.00021643579140592821
2,-4.335081371434624,0.00024308364195753325
3,-4.136928221022797,0.00036229125213630835
4,-4.5894755691013325,9.93594816057823e-05
5,-4.545112074818091,0.00012987695759967118
