Iteration,Accuracy,Classification Report
1,0.5768645357686454,"{'17': {'precision': 0.40336134453781514, 'recall': 0.35555555555555557, 'f1-score': 0.37795275590551186, 'support': 135.0}, '23': {'precision': 0.9485294117647058, 'recall': 0.8835616438356164, 'f1-score': 0.9148936170212766, 'support': 146.0}, '50': {'precision': 0.47368421052631576, 'recall': 0.6371681415929203, 'f1-score': 0.5433962264150943, 'support': 113.0}, '51': {'precision': 0.5363636363636364, 'recall': 0.472, 'f1-score': 0.5021276595744681, 'support': 125.0}, '59': {'precision': 0.5071428571428571, 'recall': 0.5144927536231884, 'f1-score': 0.5107913669064748, 'support': 138.0}, 'accuracy': 0.5768645357686454, 'macro avg': {'precision': 0.5738162920670661, 'recall': 0.5725556189214561, 'f1-score': 0.5698323251645652, 'support': 657.0}, 'weighted avg': {'precision': 0.5837086152981652, 'recall': 0.5768645357686454, 'f1-score': 0.5772557531159179, 'support': 657.0}}"
