Target_Class,RMSE_Value
low_grass,0.08274131695836003
low_grass,0.03307075187531183
low_grass,0.05755048353039092
low_grass,0.09455172381266183
low_grass,0.20305013957499807
low_grass,0.150043541941607
low_grass,0.26912505035299933
low_grass,0.00016562612343252312
low_grass,0.09799516037416586
low_grass,5.742900725624211e-05
low_grass,0.12498300790640837
low_grass,0.026704844893634633
low_grass,0.03721750589250718
low_grass,0.03481195311814289
low_grass,0.05229758913578824
low_grass,0.02612772357976274
low_grass,0.26138518361045127
low_grass,0.07747003743714269
low_grass,0.039776957712754545
low_grass,0.15607172970816172
low_grass,0.0441802302513946
low_grass,0.05137939497866299
low_grass,0.048271976369570146
low_grass,0.07630359091086435
low_grass,0.039313556387975936
bush,0.511479957101382
bush,0.04323082674594686
bush,0.30709632321709557
bush,0.34242973623135003
bush,0.4998820205078917
bush,0.12887487657064375
bush,0.5512526856942636
bush,0.532228289754718
bush,0.5294287388827233
bush,0.6130611146646725
bush,0.8267030037623732
bush,0.6218570291761035
bush,1.2403801808997175
bush,0.5093148488476507
bush,0.31820908904778045
bush,1.4113649039691736
bush,0.5326096539116977
bush,0.5251508083448437
bush,0.16310458247438342
bush,0.10476759585246874
bush,0.2852514284382688
bush,0.2926882931174222
bush,0.2944020643711526
bush,0.024691574473415964
bush,0.03578844180171733
