Target_Class,RMSE_Value
low_grass,0.028264394848299595
low_grass,0.048693999329222866
low_grass,0.031078953317298694
low_grass,0.03307075187531183
low_grass,0.03280579008054882
low_grass,0.024192547607590483
low_grass,0.04353056401027517
low_grass,0.01053930300281681
low_grass,0.04515109705816491
low_grass,0.0741314616291637
low_grass,0.00030997169103609215
low_grass,2.3396369028272517e-05
low_grass,0.00021104592015052444
low_grass,0.043199596947212614
low_grass,0.04978980822539958
low_grass,0.05865841655000293
low_grass,0.03571868847252682
low_grass,0.018788384057423623
low_grass,0.18740915252032223
low_grass,0.029859203905404603
low_grass,0.1131424846664739
low_grass,0.03461843528254951
low_grass,0.05194764032593233
low_grass,0.030689047788458716
low_grass,0.15927361239995688
bush,0.30709632321709557
bush,0.48476395390754434
bush,0.226220751477553
bush,0.21409652559372944
bush,0.9436425728956902
bush,0.12887487657064375
bush,0.5512526856942636
bush,0.532228289754718
bush,0.5294287388827233
bush,0.6130611146646725
bush,0.8267030037623732
bush,0.2606576985665104
bush,0.5093148488476507
bush,0.31820908904778045
bush,0.37082602702936246
bush,0.10476759585246874
bush,0.16310458247438342
bush,1.4113649039691736
bush,0.034675936258181765
bush,0.5326096539116977
bush,0.2852514284382688
bush,0.33890481639098446
bush,6.749422784840495e-06
bush,0.04112558777012167
bush,0.21358025929191155
