Iteration,T-Statistic,P-Value
1,-5.298481269570306,1.4867457044330537e-05
2,-5.1844625800678035,2.3776125376155425e-05
3,-6.028922418631597,2.1994384280352515e-06
4,-5.192675914102474,2.4141168519382007e-05
5,-5.448913721428126,1.1779600792109833e-05
