Iteration,Accuracy,Classification Report
1,0.7524644030668127,"{'50': {'precision': 0.7620528771384136, 'recall': 0.8703374777975134, 'f1-score': 0.812603648424544, 'support': 563.0}, '51': {'precision': 0.7296296296296296, 'recall': 0.5628571428571428, 'f1-score': 0.6354838709677418, 'support': 350.0}, 'accuracy': 0.7524644030668127, 'macro avg': {'precision': 0.7458412533840216, 'recall': 0.7165973103273281, 'f1-score': 0.7240437596961429, 'support': 913.0}, 'weighted avg': {'precision': 0.7496233737122643, 'recall': 0.7524644030668127, 'f1-score': 0.7447045004400087, 'support': 913.0}}"
