Iteration,Accuracy,Classification Report
1,0.5981916817359856,"{'3': {'precision': 0.5540540540540541, 'recall': 0.6228775692582663, 'f1-score': 0.5864535128313, 'support': 1119.0}, '4': {'precision': 0.6625916870415648, 'recall': 0.7045060658578857, 'f1-score': 0.6829063418731626, 'support': 1154.0}, '5': {'precision': 0.5142857142857142, 'recall': 0.2926829268292683, 'f1-score': 0.3730569948186528, 'support': 492.0}, 'accuracy': 0.5981916817359856, 'macro avg': {'precision': 0.5769771517937777, 'recall': 0.5400221873151401, 'f1-score': 0.5474722831743718, 'support': 2765.0}, 'weighted avg': {'precision': 0.5922769854470249, 'recall': 0.5981916817359856, 'f1-score': 0.5887375916204814, 'support': 2765.0}}"
