Iteration,Accuracy,Classification Report
1,0.6021505376344086,"{'17': {'precision': 0.423728813559322, 'recall': 0.4065040650406504, 'f1-score': 0.41493775933609955, 'support': 123.0}, '23': {'precision': 0.9060402684563759, 'recall': 0.9375, 'f1-score': 0.9215017064846417, 'support': 144.0}, '50': {'precision': 0.5213675213675214, 'recall': 0.5350877192982456, 'f1-score': 0.5281385281385282, 'support': 114.0}, '51': {'precision': 0.48120300751879697, 'recall': 0.5, 'f1-score': 0.4904214559386973, 'support': 128.0}, '59': {'precision': 0.6119402985074627, 'recall': 0.5774647887323944, 'f1-score': 0.5942028985507247, 'support': 142.0}, 'accuracy': 0.6021505376344086, 'macro avg': {'precision': 0.5888559818818958, 'recall': 0.5913113146142581, 'f1-score': 0.5898404696897382, 'support': 651.0}, 'weighted avg': {'precision': 0.5998676613085682, 'recall': 0.6021505376344086, 'f1-score': 0.6007559758744654, 'support': 651.0}}"
