Iteration,Accuracy,Classification Report
1,0.4684014869888476,"{'1': {'precision': 0.375, 'recall': 0.47692307692307695, 'f1-score': 0.41986455981941306, 'support': 195.0}, '2': {'precision': 0.5147058823529411, 'recall': 0.46875, 'f1-score': 0.49065420560747663, 'support': 224.0}, '3': {'precision': 0.4370860927152318, 'recall': 0.45051194539249145, 'f1-score': 0.4436974789915966, 'support': 293.0}, '4': {'precision': 0.6976744186046512, 'recall': 0.7142857142857143, 'f1-score': 0.7058823529411765, 'support': 126.0}, '5': {'precision': 0.43523316062176165, 'recall': 0.35294117647058826, 'f1-score': 0.3897911832946636, 'support': 238.0}, 'accuracy': 0.4684014869888476, 'macro avg': {'precision': 0.4919399108589172, 'recall': 0.49268238261437425, 'f1-score': 0.48997795613086537, 'support': 1076.0}, 'weighted avg': {'precision': 0.47209833808995083, 'recall': 0.4684014869888476, 'f1-score': 0.46793212886627905, 'support': 1076.0}}"
