Iteration,Accuracy,Classification Report
1,0.6142020497803806,"{'3': {'precision': 0.5612244897959183, 'recall': 0.6156716417910447, 'f1-score': 0.5871886120996441, 'support': 536.0}, '4': {'precision': 0.7003257328990228, 'recall': 0.7226890756302521, 'f1-score': 0.7113316790736145, 'support': 595.0}, '5': {'precision': 0.4817073170731707, 'recall': 0.33617021276595743, 'f1-score': 0.3959899749373434, 'support': 235.0}, 'accuracy': 0.6142020497803806, 'macro avg': {'precision': 0.5810858465893706, 'recall': 0.5581769767290847, 'f1-score': 0.5648367553702007, 'support': 1366.0}, 'weighted avg': {'precision': 0.608134229222347, 'recall': 0.6142020497803806, 'f1-score': 0.6083697578656556, 'support': 1366.0}}"
