Iteration,Accuracy,Classification Report
1,0.5020325203252033,"{'1': {'precision': 0.4019138755980861, 'recall': 0.39069767441860465, 'f1-score': 0.3962264150943396, 'support': 215.0}, '2': {'precision': 0.3709677419354839, 'recall': 0.3556701030927835, 'f1-score': 0.3631578947368421, 'support': 194.0}, '3': {'precision': 0.5090361445783133, 'recall': 0.6438095238095238, 'f1-score': 0.5685449957947855, 'support': 525.0}, '4': {'precision': 0.7520325203252033, 'recall': 0.7142857142857143, 'f1-score': 0.7326732673267327, 'support': 259.0}, '5': {'precision': 0.38011695906432746, 'recall': 0.22968197879858657, 'f1-score': 0.2863436123348017, 'support': 283.0}, 'accuracy': 0.5020325203252033, 'macro avg': {'precision': 0.48281344830028283, 'recall': 0.4668289988810425, 'f1-score': 0.46938923705750024, 'support': 1476.0}, 'weighted avg': {'precision': 0.4932064520813815, 'recall': 0.5020325203252033, 'f1-score': 0.49114163424448876, 'support': 1476.0}}"
